{"cameraMode":{"drawMode":0,"name":"Shaded","section":"Shading Mode"},"sceneLighting":true,"audioPlay":false,"sceneViewState":{"showFog":true,"showMaterialUpdate":false,"showSkybox":true,"showFlares":true,"showImageEffects":true,"showParticleSystems":true},"in2DMode":false,"pivot":{"x":-4.364170074462891,"y":-0.42773401737213137,"z":-19.74327850341797},"rotation":{"x":-0.2346775233745575,"y":0.617904543876648,"z":-0.20053055882453919,"w":-0.7231234312057495},"size":37.084068298339847,"orthographic":false}